{
  "alpha_bonferroni": 0.0125,
  "n_test_families": 4,
  "n_total_events": 2739734,
  "n_valid_arrival": 2739734,
  "mean_delay_sec": 45.64358109217902,
  "median_delay_sec": 28.0,
  "p95_delay_sec": 181.0,
  "pct_classically_delayed": 5.029612363828021,
  "pct_early_or_punctual": 28.810753160708302,
  "test_welch_ttest": {
    "name": "Welch's t-Test Werktag vs Wochenende",
    "t_statistic": 94.97463161107054,
    "p_value": 0.0,
    "mean_werktag_sec": 50.061985662408574,
    "mean_wochenende_sec": 34.5892847556502,
    "n_werktag": 1957372,
    "n_wochenende": 782362,
    "diff_sec": 15.472700906758377,
    "cohens_d": 0.12396595586657845,
    "diff_ci95_low": 15.153395014793071,
    "diff_ci95_high": 15.792006798723682,
    "significant_at_005": true,
    "significant_at_bonferroni": true
  },
  "test_anova_linientyp": {
    "name": "One-Way ANOVA: Verspaetung nach Linien-Typ",
    "f_statistic": 8449.970457483629,
    "p_value": 0.0,
    "df_between": 13,
    "df_within": 2739599,
    "eta_squared": 0.03855118331753743,
    "groups": [
      "EC",
      "EXT",
      "IC",
      "ICE",
      "IR",
      "NJ",
      "PE",
      "R",
      "RE",
      "RJX",
      "S",
      "SN",
      "TER",
      "TGV"
    ],
    "n_groups": 14,
    "means_per_group": {
      "AG": 145.18478260869566,
      "EC": 297.9997442291707,
      "EXT": 197.4516129032258,
      "IC": 31.813687134527314,
      "ICE": 136.77785156898557,
      "IR": 27.17115925335372,
      "NJ": 509.3886583679115,
      "PE": 28.427027027027027,
      "R": 33.21157983237329,
      "RB": 128.3448275862069,
      "RE": 45.194446902934594,
      "RJX": 441.61034482758623,
      "S": 48.67214552925989,
      "SN": 54.51789214568993,
      "TER": 65.72662679548127,
      "TGV": 347.91309904153354
    },
    "n_per_group": {
      "AG": 92,
      "EC": 15639,
      "EXT": 403,
      "IC": 119879,
      "ICE": 6023,
      "IR": 198809,
      "NJ": 723,
      "PE": 185,
      "R": 495983,
      "RB": 29,
      "RE": 158182,
      "RJX": 1160,
      "S": 1699562,
      "SN": 21937,
      "TER": 19563,
      "TGV": 1565
    },
    "significant_at_005": true,
    "significant_at_bonferroni": true
  },
  "weather_columns_found": [
    "temperatur_c",
    "niederschlag_mm",
    "wind_ms",
    "feuchte_pct",
    "sonne_min"
  ],
  "test_correlation": {
    "temperatur_c": {
      "n": 2737961,
      "pearson_r": -0.011514411097597661,
      "pearson_p": 6.172154913906904e-81,
      "pearson_ci95_low": -0.012698758115058694,
      "pearson_ci95_high": -0.010330031772953155,
      "spearman_rho": -0.033402047709717234,
      "spearman_p": 0.0,
      "significant_at_bonferroni": true
    },
    "niederschlag_mm": {
      "n": 2737961,
      "pearson_r": 0.021844504066923898,
      "pearson_p": 3.730156165303862e-286,
      "pearson_ci95_low": 0.020660518446649456,
      "pearson_ci95_high": 0.02302842841692004,
      "spearman_rho": 0.0595122710578903,
      "spearman_p": 0.0,
      "significant_at_bonferroni": true
    },
    "wind_ms": {
      "n": 2737961,
      "pearson_r": -0.0012411234851274163,
      "pearson_p": 0.04000858895464111,
      "pearson_ci95_low": -0.0024256401355993917,
      "pearson_ci95_high": -5.6603351849512945e-05,
      "spearman_rho": 0.001344206442993129,
      "spearman_p": 0.02613300620925328,
      "significant_at_bonferroni": false
    },
    "feuchte_pct": {
      "n": 2737961,
      "pearson_r": 0.03041721869696405,
      "pearson_p": 0.0,
      "pearson_ci95_low": 0.0292337517670072,
      "pearson_ci95_high": 0.03160060034981504,
      "spearman_rho": 0.05470929550487673,
      "spearman_p": 0.0,
      "significant_at_bonferroni": true
    },
    "sonne_min": {
      "n": 2737961,
      "pearson_r": -0.03682293159264488,
      "pearson_p": 0.0,
      "pearson_ci95_low": -0.03800579409115132,
      "pearson_ci95_high": -0.035639965902611107,
      "spearman_rho": -0.05251906091254953,
      "spearman_p": 0.0,
      "significant_at_bonferroni": true
    }
  },
  "test_ols": {
    "name": "Multiple OLS-Regression",
    "formula": "delay_arr_sec ~ C(is_rush_hour) + C(is_weekend) + C(verkehrsmittel_text) + niederschlag_mm + temperatur_c",
    "n_observations": 2737961,
    "r_squared": 0.0429747405377241,
    "adj_r_squared": 0.04296809924051204,
    "f_statistic": 6470.835315184883,
    "f_p_value": 0.0,
    "coefficients": {
      "Intercept": {
        "value": 151.0403415573318,
        "p": 5.743710383478158e-31,
        "ci95_low": 125.45775557968265,
        "ci95_high": 176.62292753498093
      },
      "C(is_rush_hour)[T.True]": {
        "value": 10.435297435603072,
        "p": 0.0,
        "ci95_low": 10.061152142849096,
        "ci95_high": 10.809442728357048
      },
      "C(is_weekend)[T.True]": {
        "value": -12.004408177673021,
        "p": 0.0,
        "ci95_low": -12.36273576668706,
        "ci95_high": -11.646080588658982
      },
      "C(verkehrsmittel_text)[T.EC]": {
        "value": 146.76362579534444,
        "p": 3.527595090843793e-29,
        "ci95_low": 121.11012017477154,
        "ci95_high": 172.41713141591734
      },
      "C(verkehrsmittel_text)[T.EXT]": {
        "value": 50.92465816111712,
        "p": 0.00043539031048946163,
        "ci95_low": 22.550462546116886,
        "ci95_high": 79.29885377611735
      },
      "C(verkehrsmittel_text)[T.IC]": {
        "value": -119.68987228261054,
        "p": 4.829442342343565e-20,
        "ci95_low": -145.27803003157155,
        "ci95_high": -94.10171453364954
      },
      "C(verkehrsmittel_text)[T.ICE]": {
        "value": -15.12605442428074,
        "p": 0.25002577825782263,
        "ci95_low": -40.899217693030515,
        "ci95_high": 10.647108844469033
      },
      "C(verkehrsmittel_text)[T.IR]": {
        "value": -124.40639719187358,
        "p": 1.5657154560465327e-21,
        "ci95_low": -149.99066543459978,
        "ci95_high": -98.82212894914738
      },
      "C(verkehrsmittel_text)[T.NJ]": {
        "value": 356.97652636978137,
        "p": 2.374933969380347e-146,
        "ci95_low": 329.8193469491677,
        "ci95_high": 384.133705790395
      },
      "C(verkehrsmittel_text)[T.PE]": {
        "value": -123.48650631977175,
        "p": 1.0517292319245193e-14,
        "ci95_low": -154.78520749563842,
        "ci95_high": -92.18780514390508
      },
      "C(verkehrsmittel_text)[T.R]": {
        "value": -118.2252742610109,
        "p": 1.3260114648338453e-19,
        "ci95_low": -143.805986639773,
        "ci95_high": -92.64456188224878
      },
      "C(verkehrsmittel_text)[T.RB]": {
        "value": -34.17294287082702,
        "p": 0.19986997031471698,
        "ci95_low": -86.4208525445029,
        "ci95_high": 18.074966802848856
      },
      "C(verkehrsmittel_text)[T.RE]": {
        "value": -106.41448645536998,
        "p": 3.5886945122452507e-16,
        "ci95_low": -132.00026505124623,
        "ci95_high": -80.82870785949373
      },
      "C(verkehrsmittel_text)[T.RJX]": {
        "value": 289.9911554813539,
        "p": 1.7322152679746444e-101,
        "ci95_low": 263.41776744077424,
        "ci95_high": 316.5645435219336
      },
      "C(verkehrsmittel_text)[T.S]": {
        "value": -102.96104947837138,
        "p": 3.0407849405013917e-15,
        "ci95_low": -128.54011126043522,
        "ci95_high": -77.38198769630753
      },
      "C(verkehrsmittel_text)[T.SN]": {
        "value": -88.34529332387028,
        "p": 1.425691591637201e-11,
        "ci95_low": -113.97756610074514,
        "ci95_high": -62.71302054699542
      },
      "C(verkehrsmittel_text)[T.TER]": {
        "value": -87.17807378655259,
        "p": 2.6574810881716504e-11,
        "ci95_low": -112.81657724262061,
        "ci95_high": -61.539570330484565
      },
      "C(verkehrsmittel_text)[T.TGV]": {
        "value": 196.43305102422593,
        "p": 1.8694094950408137e-48,
        "ci95_low": 170.11355253975006,
        "ci95_high": 222.7525495087018
      },