{
  "n_total_events": 2739734,
  "n_valid_arrival": 2739734,
  "mean_delay_sec": 45.64358109217902,
  "median_delay_sec": 28.0,
  "p95_delay_sec": 181.0,
  "pct_classically_delayed": 5.029612363828021,
  "pct_early_or_punctual": 28.810753160708302,
  "test_welch_ttest": {
    "name": "Welch's t-Test Werktag vs Wochenende",
    "t_statistic": 94.97463161107054,
    "p_value": 0.0,
    "mean_werktag_sec": 50.061985662408574,
    "mean_wochenende_sec": 34.5892847556502,
    "n_werktag": 1957372,
    "n_wochenende": 782362,
    "significant_at_005": true
  },
  "test_anova_linientyp": {
    "name": "One-Way ANOVA: Verspaetung nach Linien-Typ",
    "f_statistic": 8449.970457483629,
    "p_value": 0.0,
    "groups": [
      "EC",
      "EXT",
      "IC",
      "ICE",
      "IR",
      "NJ",
      "PE",
      "R",
      "RE",
      "RJX",
      "S",
      "SN",
      "TER",
      "TGV"
    ],
    "n_groups": 14,
    "means_per_group": {
      "AG": 145.18478260869566,
      "EC": 297.9997442291707,
      "EXT": 197.4516129032258,
      "IC": 31.813687134527314,
      "ICE": 136.77785156898557,
      "IR": 27.17115925335372,
      "NJ": 509.3886583679115,
      "PE": 28.427027027027027,
      "R": 33.21157983237329,
      "RB": 128.3448275862069,
      "RE": 45.194446902934594,
      "RJX": 441.61034482758623,
      "S": 48.67214552925989,
      "SN": 54.51789214568993,
      "TER": 65.72662679548127,
      "TGV": 347.91309904153354
    },
    "n_per_group": {
      "AG": 92,
      "EC": 15639,
      "EXT": 403,
      "IC": 119879,
      "ICE": 6023,
      "IR": 198809,
      "NJ": 723,
      "PE": 185,
      "R": 495983,
      "RB": 29,
      "RE": 158182,
      "RJX": 1160,
      "S": 1699562,
      "SN": 21937,
      "TER": 19563,
      "TGV": 1565
    },
    "significant_at_005": true
  },
  "weather_columns_found": [
    "temperatur_c",
    "niederschlag_mm",
    "wind_ms",
    "feuchte_pct",
    "sonne_min"
  ],
  "test_correlation": {
    "temperatur_c": {
      "n": 2737961,
      "pearson_r": -0.011354681404129327,
      "pearson_p": 9.301098677037935e-79,
      "spearman_rho": -0.03333989866477103,
      "spearman_p": 0.0
    },
    "niederschlag_mm": {
      "n": 2737961,
      "pearson_r": 0.021177864764895745,
      "pearson_p": 4.412806284887535e-269,
      "spearman_rho": 0.058578274078943,
      "spearman_p": 0.0
    },
    "wind_ms": {
      "n": 2737961,
      "pearson_r": -0.003237439557949048,
      "pearson_p": 8.464635859222939e-08,
      "spearman_rho": -0.0005886499546125902,
      "spearman_p": 0.33004359281080814
    },
    "feuchte_pct": {
      "n": 2737961,
      "pearson_r": 0.02850978827136083,
      "pearson_p": 0.0,
      "spearman_rho": 0.05160120417771584,
      "spearman_p": 0.0
    },
    "sonne_min": {
      "n": 2737961,
      "pearson_r": -0.03679774399965243,
      "pearson_p": 0.0,
      "spearman_rho": -0.05245402536248739,
      "spearman_p": 0.0
    }
  },
  "test_ols": {
    "name": "Multiple OLS-Regression",
    "formula": "delay_arr_sec ~ C(is_rush_hour) + C(is_weekend) + C(verkehrsmittel_text) + niederschlag_mm + temperatur_c",
    "n_observations": 2737961,
    "r_squared": 0.04294976517859639,
    "adj_r_squared": 0.0429431237080673,
    "f_statistic": 6466.905934632498,
    "f_p_value": 0.0,
    "coefficients": {
      "Intercept": {
        "value": 151.0749078822575,
        "p": 5.578438846730037e-31
      },
      "C(is_rush_hour)[T.True]": {
        "value": 10.431409955015218,
        "p": 0.0
      },
      "C(is_weekend)[T.True]": {
        "value": -12.002191102932185,
        "p": 0.0
      },
      "C(verkehrsmittel_text)[T.EC]": {
        "value": 146.8184994610086,
        "p": 3.369929500936117e-29
      },
      "C(verkehrsmittel_text)[T.EXT]": {
        "value": 50.54736002757178,
        "p": 0.00048024145806425304
      },
      "C(verkehrsmittel_text)[T.IC]": {
        "value": -119.65221333259917,
        "p": 4.9658466005082105e-20
      },
      "C(verkehrsmittel_text)[T.ICE]": {
        "value": -15.08583489851938,
        "p": 0.25129352637957886
      },
      "C(verkehrsmittel_text)[T.IR]": {
        "value": -124.36602913399128,
        "p": 1.6149919816837172e-21
      },
      "C(verkehrsmittel_text)[T.NJ]": {
        "value": 357.0008878268195,
        "p": 2.2891433171108576e-146
      },
      "C(verkehrsmittel_text)[T.PE]": {
        "value": -123.38100970969029,
        "p": 1.1086255001406876e-14
      },
      "C(verkehrsmittel_text)[T.R]": {
        "value": -118.18497203776889,
        "p": 1.365549400050238e-19
      },
      "C(verkehrsmittel_text)[T.RB]": {
        "value": -34.15107446508267,
        "p": 0.2001637862941418
      },
      "C(verkehrsmittel_text)[T.RE]": {
        "value": -106.36832339222205,
        "p": 3.698438274178356e-16
      },
      "C(verkehrsmittel_text)[T.RJX]": {
        "value": 290.02732834766675,
        "p": 1.6457196549126936e-101
      },
      "C(verkehrsmittel_text)[T.S]": {
        "value": -102.9244619284301,
        "p": 3.1124090912751887e-15
      },
      "C(verkehrsmittel_text)[T.SN]": {
        "value": -88.36627943085365,
        "p": 1.4108170162934034e-11
      },
      "C(verkehrsmittel_text)[T.TER]": {
        "value": -87.13004362523405,
        "p": 2.726343528999457e-11
      },
      "C(verkehrsmittel_text)[T.TGV]": {
        "value": 196.5307501380624,
        "p": 1.684617272790748e-48
      },
      "niederschlag_mm": {
        "value": 6.0532172504929855,
        "p": 3.255166303811984e-199
      },
      "temperatur_c": {
        "value": 0.07383384668774341,
        "p": 2.5337794911859123e-06
      }
    }
  },
  "top_10_stations_highest_mean_delay": [
    {
      "station": "Buchs SG",
      "n": 2405,
      "mean_sec": 195.53305613305614
    },
    {
      "station": "St. Margrethen SG",
      "n": 2311,
      "mean_sec": 169.1540458675898
    },
    {
      "station": "Basel St. Johann",
      "n": 1523,
      "mean_sec": 127.23834537097834
    },
    {
      "station": "Hünenberg Zythus",
      "n": 3111,
      "mean_sec": 115.78495660559305
    },
    {
      "station": "Stabio",
      "n": 3039,
      "mean_sec": 110.928923988154
    },
    {
      "station": "Neuhausen Rheinfall",
      "n": 2568,
      "mean_sec": 107.82204049844236
    },
    {
      "station": "Zug Chollermüli",
      "n": 6232,
      "mean_sec": 107.39521822849808
    },
    {
      "station": "Cham Alpenblick",
      "n": 6234,
      "mean_sec": 105.13987808790503
    },
    {
      "station": "Zug Schutzengel",
      "n": 6053,
      "mean_sec": 103.88022468197588
    },
    {
      "station": "Paradiso",
      "n": 7522,
      "mean_sec": 101.67136399893646
    }
  ],
  "verkehrsmittel_text_distribution": {
    "S": 1699562,
    "R": 495983,
    "IR": 198809,
    "RE": 158182,
    "IC": 119879,
    "SN": 21937,
    "TER": 19563,
    "EC": 15639,
    "ICE": 6023,
    "TGV": 1565,
    "RJX": 1160,
    "NJ": 723,
    "EXT": 403,
    "PE": 185,
    "AG": 92,
    "RB": 29
  },
  "data_range": {
    "start": "2026-03-31",
    "end": "2026-05-19",
    "n_days": 48,
    "n_calendar_span": 50
  }
}